<?xml version="1.0" encoding="UTF-8"?>
<theme>
<!--主题版本-->
<version>2.0</version>
<!--MIUI版本-->
<uiVersion>12</uiVersion>
<authors>
<!--作者-->
<author>by: Han　|　情非得已c</author>
</authors>
<designers>
<!--艺术家-->
<designer>by: Han　|　情非得已c</designer>
</designers>
<titles>
<!--主题标题-->
<title>搞机助手-MIUI12多合一</title>
</titles>
<descriptions>
<!--资源简介-->
<description>由搞机助手生成的个性化自定义主题</description>
</descriptions>
</theme>
